Book Title,Price
Повелитель тайн. Книга 3,"36,47 р."
Если все кошки в мире исчезнут,"15,98 р."
Жизнь на продажу,"10,59 р."
Поднятие уровня в одиночку. Книга 7,"30,08 р."
Воспоминания о прошлом Земли. Трилогия,"76,47 р."
Канашибари. Пока не погаснет последний фонарь. Том 1,"27,33 р."
"Система ""Спаси-Себя-Сам"" для Главного Злодея. Том 3","56,25 р."
Норвежский лес,"24,93 р."
"К югу от границы, на запад от солнца","25,81 р."
Поднятие уровня в одиночку. Книга 6,"27,98 р."
Цветы пиона на снегу. Том 3,"28,19 р."
Бесцветный Цкуру Тадзаки и годы его странствий,"27,36 р."
Поднятие уровня в одиночку. Solo Leveling. Книга 5,"30,08 р."
"Система ""Спаси-Себя-Сам"" для Главного Злодея. Том 2","52,61 р."
Баллада о нефритовой кости. Книга 4,"30,78 р."
Мой любимый sputnik,"24,93 р."
Цветы пиона на снегу. Том 2,"25,05 р."
Кафка на пляже,"27,36 р."
"Прощай, Эри","35,76 р."
Поднятие уровня в одиночку. Solo Leveling. Книга 4,"30,08 р."
Кафка на пляже,"15,49 р."
Поднятие уровня в одиночку. Solo Leveling. Книга 3,"30,08 р."
Токийский Зодиак,"14,69 р."
"Система ""Спаси-Себя-Сам"" для Главного Злодея. Том 1","52,61 р."
"Человек-бензопила. Книга 12. Огнестрел, гвозди, катана","32,85 р."
Поднятие уровня в одиночку. Том 4,"55,41 р."
Wabi Sabi. Японские секреты истинного счастья в неидеальном мире,"59,55 р."
Целительница Цзюнь,"22,52 р."
Дом Кёко,"12,22 р."
Цветы смерти,"21,22 р."
Задача трех тел,"32,22 р."
Киоко. Наследие дракона,"31,06 р."
Золотой Храм,"10,99 р."
Норвежский лес,"15,76 р."
"Письма с любовью. 37 вещей, которые мама хотела бы рассказать своей дочери","29,37 р."
Жизнь на продажу,"28,64 р."
Задача трех тел,"50,67 р."
Слушай песню ветра. Пинбол 1973,"27,36 р."
Поднятие уровня в одиночку. Том 3,"55,41 р."
Бесцветный Цкуру Тадзаки и годы его странствий,"14,69 р."
Самурай без меча,"26,66 р."
Единственный конец злодейки – смерть. Том 1,"50,97 р."
Поднятие уровня в одиночку. Solo Leveling. Книга 1,"30,08 р."
Шум прибоя,"26,49 р."
Токийская головоломка,"31,25 р."
Человек-комбини,"22,48 р."
Поднятие уровня в одиночку. Solo Leveling. Книга 2,"30,08 р."
Поднятие уровня в одиночку. Solo Leveling. Том 5 (вебтун),"68,10 р."
"Прожить жизнь заново. Все, что я хотела бы сказать себе в прошлом","29,37 р."
Йеллоуфейс,"29,47 р."
Сквозь облака. Том 1,"43,22 р."
Атака на титанов. Книга 6,"44,24 р."
"Дэнс, дэнс, дэнс","17,05 р."
Страна Чудес без тормозов и Конец Света,"27,36 р."
Токийский Зодиак,"20,83 р."
GTO. Крутой учитель Онидзука. Книга 6,"56,15 р."
Дом-убийца в кольце огня,"29,00 р."
Норвежский лес,"15,49 р."
Песнь алых клёнов. Том 2,"33,86 р."
"Система ""Спаси-Себя-Сам"" для Главного Злодея. Комплект из 3 книг","148,35 р."
Цзюнь Цзюлин,"45,45 р."
Человек-бензопила. Книга 10. Закуска,"32,85 р."
Я стала матерью главного героя. Том 4,"48,83 р."
Янтарь рассеивает тьму. Мелодия демона,"37,00 р."
Бесцветный Цкуру Тадзаки и годы его странствий,"27,36 р."
Норвежский лес,"17,86 р."
Норвежский лес,"25,81 р."
Охота на овец,"17,86 р."
Оглянись,"32,85 р."
Искусство войны,"14,69 р."
Сёгун. Комплект из 2 книг,"30,20 р."
"Японские мифы. От кицунэ и ёкаев до ""Звонка"" и ""Наруто""","46,46 р."
Искусство войны,"9,08 р."
Жажда любви,"10,99 р."
После банкета,"11,35 р."
Синий шёпот. Книга 1,"31,90 р."
Человек-бензопила. Книга 11. Простое счастье,"32,85 р."
"Лериана, невеста герцога по контракту. Том 8","50,49 р."
Моя геройская академия. Книга 2,"44,24 р."
Признания,"30,26 р."
Развеянные чары,"37,20 р."
Самурай без меча,"32,45 р."
Сон в красном тереме. Комплект из 2 книг,"86,19 р."
Бусидо. Кодекс самурая,"27,52 р."
Вы найдете это в библиотеке,"29,20 р."
Единственный конец злодейки – смерть. Том 5,"46,46 р."
Мгновенье тишины,"28,04 р."
Песнь ста миров,"30,78 р."
Путешествие на Запад. Комплект из 2 книг,"114,29 р."
GTO. Крутой учитель Онидзука. Книга 3,"56,15 р."
Атака на Титанов. Книга 10,"44,24 р."
Атака на титанов. Книга 13,"44,24 р."
Атака на титанов. Книга 7,"44,24 р."
Единственный конец злодейки – смерть. Том 2,"50,97 р."
Единственный конец злодейки – смерть. Том 2,"46,46 р."
Запретные цвета,"14,00 р."
